"variable","mean","sd","min","max"
"transport_co2",927.295531983285,1132.07154203784,5,11000
"cp_active",0.2124718739955,0.409122695331954,0,1
"lez_active",0.190292510446802,0.392594975428456,0,1
"population",616602.959819994,569163.047544782,50000,5e+06
"gdp_pc",38005.9578913533,9226.30755367905,15000,71136
"pop_density",2401.01096110575,4233.37816854141,76.6,42087.3
"public_transit_score",56.6705239472838,9.97464159428268,26.3,87.9
"fuel_price",1.51124558019929,0.0726637288093473,1.343,1.743
"political_green",0.274687592414015,0.070945028266348,0,0.4975
